case,tensors,ops_total,ops_copy,ops_core,dag_edges,cycles_m,cycles_v,cycles_total,critical_path,parallel_width,level_count,ddr_bytes,l1_bytes,ub_bytes,max_l1_tensor,max_ub_tensor,source_ops,sink_ops,max_fanout
case_001,1202,1001,401,600,400,232800,30400,263200,1316,200.0,3,1639552,1639552,1638400,4096,4096,200,200,1
case_002,2595,2197,399,1798,1797,240000,35928,275928,2976,92.718,24,1224192,2451456,1532928,4608,1536,199,1,1
case_003,13868,13670,215,13455,20540,438792,325189,763981,28285,27.01,305,1284264,3850880,5218668,32768,8192,81,17,9
case_004,1116,1002,225,777,777,385614,47952,433566,2748,157.775,6,792576,2156544,2386944,36864,6144,222,111,2
case_005,4298,4209,96,4113,6258,63882,60930,124812,6894,18.104,138,333414,1254432,1963014,9216,4608,25,7,7
case_006,982,851,173,678,695,18660,69000,87660,2836,30.91,22,543348,581248,2584642,16384,16384,116,42,11
case_007,5556,4998,1113,3885,3885,979020,253080,1232100,1632,754.963,6,1732608,5142528,5967360,9216,3072,1110,555,2
case_008,1836,1404,540,864,972,250128,237168,487296,4512,108.0,8,2654424,4644864,8004312,18432,18432,108,108,2
case_009,6376,6058,387,5671,8056,65160,119992,185152,9965,18.58,366,495332,854560,1953084,8192,6144,200,69,6
case_010,889,796,129,667,700,44610,55496,100106,3146,31.82,62,384150,633344,1924002,16384,16384,80,36,13
case_011,1056,880,192,688,672,184448,25536,209984,2120,99.049,22,606208,3358720,0,4096,0,352,16,1
case_012,1555,1304,332,972,986,35572,32237,67809,2506,27.059,19,554898,676032,815514,9216,9216,195,81,7
case_013,4190,3202,1234,1968,1722,263712,43296,307008,400,767.52,4,2527232,6053888,0,2048,0,984,246,1
case_014,40287,38666,2961,35705,34509,17225748,1651424,18877172,31968,590.502,124,9932740,183243864,153430,165888,128,15921,1340,2
case_015,1501,1290,277,1013,1063,94980,101497,196477,7913,24.83,29,884614,882432,3250692,32768,16384,172,66,11
case_016,18020,18008,13,17995,21338,0,7714975,7714975,655140,11.776,2440,393218,393216,359806670,32768,32768,12,1,12
case_017,2015,1758,385,1373,1428,110600,67202,177802,5980,29.733,18,643862,684032,1711728,24576,9216,233,128,8
case_018,3717,3285,558,2727,2653,971320,112731,1084051,3539,306.316,28,1592848,9136384,1453422,8192,8192,1084,126,2
case_019,854,766,119,647,694,48436,40276,88712,12234,7.251,79,186984,458272,1062732,8192,8192,57,31,2
case_020,7872,7584,576,7008,8064,0,532608,532608,1824,292.0,24,2359296,0,29884416,0,4096,288,288,2
case_021,4900,4450,530,3920,3840,6192000,783360,6975360,5544,1258.182,7,3338240,50524160,0,12288,0,2000,80,1
case_022,1705,1567,211,1356,1483,4484,54087,58571,1986,29.492,36,213686,107776,1916226,2304,8192,149,73,10
case_023,1336,1202,191,1011,1123,63384,69558,132942,4218,31.518,31,443444,643488,1895698,24576,8192,95,57,7
case_024,5984,5972,13,5959,7058,0,2554795,2554795,216948,11.776,808,393218,393216,119149094,32768,32768,12,1,12
case_025,26666,23997,5335,18662,18662,4702824,1215696,5918520,1632,3626.544,6,8217600,24597504,28664832,9216,3072,5332,2666,2
case_026,871,769,133,636,679,40992,70768,111760,4319,25.876,49,528854,689584,3035904,24576,16384,76,31,10
case_027,2160,1800,376,1424,1408,2229120,287232,2516352,21048,119.553,45,2039808,19341312,0,12288,0,720,16,1
case_028,20151,19944,360,19584,23103,38974608,1975536,40950144,246816,165.914,124,5908608,98501760,0,165888,0,153,153,2
case_029,1281,1113,252,861,924,0,37485,37485,407,92.101,12,430164,0,1119174,0,2048,168,84,5
case_030,11940,11248,1178,10070,9584,2776480,406822,3183302,1494,2130.724,12,2394060,43336704,60332,6144,128,4472,486,1
case_031,7365,6805,670,6135,7166,1334492,221025,1555517,13057,119.133,136,2185040,15416096,2567268,13824,8192,1659,110,9
case_032,1186,1035,208,827,870,10150,33995,44145,1146,38.521,30,293088,321608,922828,4608,4608,137,57,9
case_033,4572,4069,604,3465,3437,1728108,192042,1920150,6300,304.786,34,2972910,20001824,1486786,13824,13824,1439,101,4
case_034,5144,4545,800,3745,3691,749160,194956,944116,3677,256.763,24,2280386,11479040,2953904,8192,8192,1374,201,8
case_035,4538,4237,380,3857,5067,62192,143909,206101,17200,11.983,333,410854,870944,3489418,8192,8192,224,79,14
case_036,4802,4001,1601,2400,1600,931200,121600,1052800,1316,800.0,3,6554752,6554752,6553600,4096,4096,800,800,1
case_037,1160,980,200,780,760,209600,28880,238480,904,263.805,6,614400,3727360,0,4096,0,400,20,1
case_038,7649,6843,936,5907,5855,1325000,167776,1492776,8754,170.525,36,2802950,15894016,1324818,32768,6144,2594,130,2
case_039,6612,5966,716,5250,5180,1377880,98420,1476300,784,1883.036,8,4489216,25706496,0,8192,0,2660,70,1
case_040,3647,3381,298,3083,4149,111972,185751,297723,16120,18.469,229,911238,2000832,6741686,16384,16384,196,32,14
case_041,19210,18149,1555,16594,16140,5895240,607750,6502990,1767,3680.243,49,4949980,64840704,746424,6144,4096,7574,494,7
case_042,5853,5345,612,4733,4687,1599076,226026,1825102,5685,321.038,53,2388964,18595104,3050880,18432,16384,2057,104,10
case_043,10140,9756,447,9309,13402,517752,343841,861593,27474,31.36,202,1431122,5331760,6158030,16384,8192,547,63,9
case_044,1497,1436,72,1364,1617,74404,9988,84392,7672,11.0,124,975456,2042720,0,73728,0,11,11,2
case_045,1855,1787,136,1651,1900,0,125476,125476,1824,68.792,24,557056,0,7041024,0,4096,68,68,2
case_046,1116,1058,66,992,1176,209248,18400,227648,28456,8.0,124,1061472,4166240,0,73728,0,8,8,2
case_047,14259,13988,278,13710,20909,153760,259370,413130,19990,20.667,460,463942,1892160,3079046,4096,2048,67,7,7
case_048,2069,1900,172,1728,2448,139536,120060,259596,75960,3.418,369,414790,921664,1099878,4096,4096,57,3,3
case_049,4609,4465,162,4303,6323,95464,165715,261179,8921,29.277,186,152540,1198752,2713064,8192,8192,60,18,8
case_050,4969,4781,226,4555,6605,51968,133411,185379,6829,27.146,186,319376,756768,2873750,2048,8192,108,38,8
case_051,1441,1429,13,1416,1668,0,607080,607080,51552,11.776,192,393218,393216,28312656,32768,32768,12,1,12
case_052,1606,1347,339,1008,1034,141528,62595,204123,3665,55.695,17,810204,1788928,1236550,13824,6912,218,80,6
case_053,12377,12046,376,11670,17160,1212726,344076,1556802,56912,27.355,241,2995288,11266672,4473176,73728,9216,133,45,9
case_054,16484,16133,382,15751,23976,574216,440672,1014888,20291,50.017,354,1606276,6709696,6003978,8192,3072,201,31,9
case_055,1641,1468,232,1236,1288,61796,69049,130845,6962,18.794,28,625810,773632,2105576,13824,8192,200,59,8
case_056,8157,7936,258,7678,11483,131016,245953,376969,13737,27.442,300,221600,1635488,3803248,2048,4096,89,37,9
case_057,1180,1053,188,865,904,14062,47565,61627,8189,7.526,101,342460,153120,1437578,4608,4096,126,61,6
case_058,18942,17886,1311,16575,16320,4358970,310080,4669050,746,6258.78,7,7667712,74514432,0,8192,0,8415,255,1
case_059,3520,3168,416,2752,2688,737792,102144,839936,2120,396.196,22,1343488,12353536,0,4096,0,1408,64,1
case_060,6752,6086,805,5281,5384,720232,273539,993771,4252,233.718,41,2099006,12256384,6751620,8192,8192,1977,139,10
case_061,1709,1450,335,1115,1122,71456,27572,99028,11506,8.607,45,544188,1203712,458030,8192,2048,232,76,6
case_062,28361,23999,4363,19636,19635,2618400,392688,3011088,3120,965.092,28,13401600,26806272,16754688,4608,1536,2181,1,1
case_063,10629,8995,1635,7360,7359,981600,147168,1128768,3048,370.331,26,5021184,10045440,6279168,4608,1536,817,1,1
case_064,1034,972,66,906,1308,7308,15744,23052,3528,6.534,123,37414,114144,174150,1024,1024,22,4,4
case_065,1067,914,210,704,741,28260,29518,57778,1265,45.674,28,316202,499088,680490,4608,4096,98,57,5
case_066,6362,6181,219,5962,8887,269694,170683,440377,32240,13.659,154,1107034,2489472,2928282,36864,12288,87,38,9
case_067,9117,8996,192,8804,10437,58915232,2360608,61275840,863040,71.0,124,6048128,61157760,0,294912,0,71,71,2
case_068,6260,5853,502,5351,7491,249101,154696,403797,48319,8.357,264,2771250,3641416,3523846,36864,8192,220,95,9
case_069,1110,1074,42,1032,1548,16674,15288,31962,2298,13.909,46,126054,351904,498822,9216,4608,12,6,6
case_070,1630,1437,246,1191,1237,91832,47214,139046,4054,34.298,35,419964,980224,1128010,24576,6144,213,53,14
case_071,816,781,40,741,1100,12534,10954,23488,2298,10.221,46,121446,285088,362886,9216,4608,11,5,6
case_072,32624,31387,1721,29666,32401,22928094,1708199,24636293,31968,770.655,251,11103184,189414824,2020648,165888,2304,11082,484,9
case_073,5053,4964,128,4836,5733,8160672,428064,8588736,220224,39.0,124,4041088,11608960,0,294912,0,39,39,2
case_074,4833,4269,660,3609,3597,1579424,198420,1777844,3091,575.168,39,3776728,15732736,3049134,8192,8192,1474,96,11
case_075,7953,7684,274,7410,11135,1107520,644660,1752180,182300,9.612,460,1837190,4830336,6225286,16384,8192,65,5,6
case_076,36815,35076,2548,32528,31730,6061644,947248,7008892,2774,2526.637,13,4270674,95491072,239366,16384,4096,15270,809,2
case_077,5208,4872,386,4486,6316,415406,136672,552078,15619,35.347,135,2141360,5176224,2851208,20736,4608,213,50,9
case_078,1156,1094,70,1024,1208,2037888,103296,2141184,246816,8.675,124,2345088,7186560,0,165888,0,8,8,2
case_079,21252,20130,1410,18720,18432,29424384,3760128,33184512,5952,5575.355,8,9351168,235843584,0,12288,0,9504,288,1
case_080,1674,1395,297,1098,1080,289044,20520,309564,746,414.965,7,1978368,6402048,0,8192,0,558,18,1
case_081,5185,4505,1020,3485,3740,0,151725,151725,407,372.789,12,1741140,0,4529990,0,2048,680,340,5
case_082,4298,4209,96,4113,6258,567936,359766,927702,54690,16.963,138,592006,2200704,3389382,16384,8192,25,7,7
case_083,4037,3956,112,3844,4557,810836,71300,882136,28456,31.0,124,1438304,13469280,0,73728,0,31,31,2
case_084,18309,14001,5385,8616,9693,1266552,1240704,2507256,2328,1077.0,8,13236330,18196992,20060202,4608,4608,1077,1077,2
case_085,20240,19993,256,19737,30348,2565216,1724706,4289922,165564,25.911,450,1689734,9342080,15968454,16384,8192,63,9,9
case_086,5462,5372,98,5274,8064,79182,78060,157242,6894,22.809,138,338022,1505568,2488326,9216,4608,26,8,8
case_087,29569,28666,1110,27556,38493,3593280,882784,4476064,82063,54.544,382,5919098,37675856,10830222,36864,9216,3066,207,9
case_088,3811,3577,268,3309,4731,173608,99744,273352,32229,8.482,176,1829798,2498880,2397892,36864,6144,70,34,9
case_089,5348,5254,134,5120,6040,589120,109760,698880,16272,42.95,124,566400,8635520,0,18432,0,40,40,2
case_090,1811,1744,80,1664,1963,840528,59280,899808,63936,14.074,124,2228352,4195200,0,165888,0,13,13,2
case_091,34927,33497,1943,31554,31173,8981360,931710,9913070,56912,174.182,124,6577656,97896960,248092,73728,2048,14803,513,4
case_092,18134,17942,334,17608,20874,3714152,326600,4040752,28456,142.0,124,3256928,58366560,0,73728,0,142,142,2
case_093,1181,901,349,552,483,73968,12144,86112,400,215.28,4,714752,1703936,0,2048,0,276,69,1
case_094,895,791,144,647,680,70944,36616,107560,2484,43.301,36,526692,1086240,1442528,18432,9216,108,40,2
case_095,7854,6006,2310,3696,4158,1069992,1014552,2084544,4512,462.0,8,11355036,19869696,34240668,18432,18432,462,462,2
case_096,1476,1362,164,1198,1276,40144,53130,93274,9417,9.905,119,219558,425280,1986312,18432,4096,93,50,14
case_097,8320,7488,896,6592,6528,10303488,1331712,11635200,23904,486.747,52,5046272,85262336,0,12288,0,3328,64,1
case_098,1700,1553,188,1365,1514,17296,162701,179997,6783,26.536,51,697994,627712,6963306,16384,16384,98,41,13
case_099,7610,7054,758,6296,6106,1595484,144720,1740204,2826,615.783,29,2534036,14529024,187728,24576,3072,2810,202,2
case_100,1825,1654,260,1394,1505,62556,102007,164563,4830,34.071,52,454598,637184,3696974,18432,16384,187,89,14
